{
	"system" : {
		"platform" : "windows64",
		"os_name" : "Windows 10",
		"os_version" : "10.0"
	},
	"error" : {
		"executable" : "quartus_map",
		"comment" : "not_applicable",
		"error_message" : "Access Violation at 0X00007FFEAF4AC963",
		"source_file" : "unknown",
		"line" : "0",
		"stack_trace" : "\t0x7ffeaf4ac962: MSVCR120 + 0x3c962\n",
		"subsystem" : "unknown"
	},
	"quartus" : {
		"quartus_bits" : "64",
		"version" : "20.1.1",
		"build" : "720",
		"edition" : "Lite Edition"
	}
}